<?xml version="1.0" encoding="UTF-8"?>
<addon
  id="plugin.video.mediathek.subs"
  version="0.5.2-p1"
  name="Mediathek with subs"
  provider-name="Raptor 2101 [raptor2101@gmx.de]">
  <requires>
   <import addon="xbmc.python" version="2.1.0"/>
  </requires>
  <extension 
    point="xbmc.python.pluginsource"
    library="default.py">
   <provides>video</provides>
  </extension>
  <extension point="xbmc.addon.metadata">
    <summary lang="de">Ermöglicht den zugriff auf alle deutschen Mediatheken der öffentlich Rechtlichen</summary>
    <summary lang="en">Gives acces to the most video-platforms from german public service broadcaster</summary>
    <description lang="de">Ermöglicht den zugriff auf alle deutschen Mediatheken der öffentlich Rechtlichen.
Aktuell implementiert sind:
  3Sat, ARD, ZDF, ARTE, Bayrisches Fernsehen, ORF, WDR, NDR, KiKa (ohne Kikaninchen)
</description>
    <description lang="en">Gives acces to the most video-platforms from german public service broadcaster.
Currently implemented:
  3Sat, ARD, ZDF, ARTE, Bayrisches Fernsehen, ORF, WDR, NDR, KiKa (without Kikaninchen)
</description>
    <language>de</language>
    <platform>all</platform>
  </extension>
</addon>
